id,first_name,last_name,email,gender,car_make,car_model,car_price
1,Lanette,Look,llook0@tamu.edu,Genderfluid,MINI,Clubman,$29744.73
2,Orel,Fuidge,ofuidge1@vk.com,Female,GMC,3500,$43800.49
3,Giordano,Lautie,glautie2@phpbb.com,Male,GMC,Savana 3500,$32856.67
4,Barnie,Warlawe,bwarlawe3@icq.com,Male,Chevrolet,Blazer,$35660.35
5,Webb,Syrie,wsyrie4@istockphoto.com,Male,Mitsubishi,Precis,$15700.68
6,Waylin,Buske,wbuske5@latimes.com,Male,GMC,Sierra 3500,$45611.21
7,Leonelle,Wishkar,lwishkar6@reverbnation.com,Female,Acura,TL,$31967.18
8,Simeon,Rosindill,srosindill7@va.gov,Male,Infiniti,G,$36686.21
9,Josefa,Mayler,jmayler8@wikimedia.org,Female,Dodge,Ram Van 3500,$29810.24
10,Kerry,Goodyear,kgoodyear9@google.pl,Male,Ram,1500,$27126.04
11,Maxie,Lownds,mlowndsa@icio.us,Female,Lexus,LS,$41656.92
12,Lishe,Robelet,lrobeletb@gizmodo.com,Female,Toyota,Tundra,$40635.53
13,Walt,McCracken,wmccrackenc@drupal.org,Polygender,Saturn,VUE,$17646.93
14,Wheeler,Shama,wshamad@amazon.co.jp,Agender,Volvo,S40,$24621.78
15,Pearl,Ivakhin,pivakhine@dion.ne.jp,Female,Mercedes-Benz,E-Class,$36620.24
16,Annelise,Parr,aparrf@a8.net,Female,Chevrolet,Monte Carlo,$19791.04
17,Cathrine,Paolo,cpaolog@mit.edu,Female,Toyota,RAV4,$42294.83
18,Kristian,MacTerlagh,kmacterlaghh@foxnews.com,Male,BMW,7 Series,$23467.08
19,Shirl,Flucker,sfluckeri@google.fr,Female,Chevrolet,Silverado 1500,$16644.99
20,Marla,Sumpton,msumptonj@desdev.cn,Female,Honda,Prelude,$31015.15
21,Stirling,Desquesnes,sdesquesnesk@baidu.com,Male,Mazda,RX-7,$31641.22
22,Lethia,Corking,lcorkingl@hugedomains.com,Female,Ford,ZX2,$39804.88
23,Atlanta,Puleston,apulestonm@marketwatch.com,Female,Oldsmobile,88,$39539.74
24,Katharina,Myatt,kmyattn@wired.com,Agender,Mitsubishi,Mighty Max Macro,$44421.90
25,Vin,De la Yglesia,vdelayglesiao@un.org,Agender,Chevrolet,Suburban 1500,$30122.98
26,Meggie,Lawfull,mlawfullp@slate.com,Female,Toyota,Matrix,$49450.75
27,Wesley,Vereker,wverekerq@examiner.com,Male,BMW,X5,$32880.71
28,Travers,Lenoir,tlenoirr@indiatimes.com,Male,Dodge,Caravan,$31036.45
29,Cherilynn,Purselowe,cpurselowes@chron.com,Female,Toyota,Corolla,$49601.55
30,Jimmy,Rive,jrivet@si.edu,Male,Ford,Ranger,$41588.50
31,Lynn,Staddom,lstaddomu@ning.com,Female,Dodge,Dakota Club,$32336.53
32,Freddie,Dacombe,fdacombev@blogger.com,Male,Ford,Th!nk,$34686.82
33,Cristian,Dalston,cdalstonw@xrea.com,Male,Ford,Freestyle,$15620.08
34,Aubrey,Larman,alarmanx@dailymail.co.uk,Female,Volkswagen,Eos,$47234.30
35,Kathryn,Nockalls,knockallsy@reddit.com,Female,Honda,Prelude,$19087.29
36,Celisse,Stanbury,cstanburyz@wiley.com,Non-binary,Audi,A6,$39172.85
37,Arturo,Blissitt,ablissitt10@loc.gov,Male,GMC,Sierra 3500HD,$19563.42
38,Rockwell,M'Chirrie,rmchirrie11@tumblr.com,Male,Porsche,Cayenne,$36722.92
39,Suki,Falls,sfalls12@myspace.com,Female,Volvo,960,$35607.58
40,Ag,Lucia,alucia13@a8.net,Female,Mercury,Monterey,$31378.46
41,Dev,Gillbanks,dgillbanks14@wix.com,Male,Plymouth,Prowler,$24231.60
42,Amandi,Jopke,ajopke15@ed.gov,Female,Acura,RSX,$46082.65
43,Ingemar,Cuesta,icuesta16@biglobe.ne.jp,Male,Bentley,Azure T,$37384.56
44,Dolley,Rimbault,drimbault17@reference.com,Female,Lexus,LS,$43935.48
45,Katie,Sayles,ksayles18@icio.us,Female,Toyota,Sienna,$29249.27
46,Sherye,Gaffon,sgaffon19@forbes.com,Female,Chevrolet,Camaro,$23882.13
47,Nancie,Reppaport,nreppaport1a@jalbum.net,Female,MINI,Cooper Clubman,$31086.93
48,Shani,Pineaux,spineaux1b@usgs.gov,Female,Honda,Pilot,$42741.63
49,Toby,Gaitskell,tgaitskell1c@yellowbook.com,Polygender,Chevrolet,Sportvan G20,$34616.74
50,Desdemona,Gledhill,dgledhill1d@altervista.org,Female,Hummer,H1,$18391.91
